<?xml version="1.0" encoding="utf-8"?>
<DbConfig>
	<dbserver>
		
		<conn conn_id="pdborcl" user_id="system" pwd="19CC92DC1DC77EE9C129335B44B743A5" Data_source="localhost:1521/pdborcl">pdborcl</conn>
	</dbserver>
	<dbmonsql>
		<sqlstr sql="select 
       to_char(s.end_time, 'hh24') time_range,
       
       (SELECT case when (sum(e.value)<sum(b.value)) then 0 else round((sum(e.value) - sum(b.value)) / 1000000 / 60, 2) end 
          FROM DBA_HIST_SYS_TIME_MODEL e, DBA_HIST_SYS_TIME_MODEL b
         WHERE e.SNAP_ID = s.end_snap
           AND e.DBID = s.DBID
           AND e.INSTANCE_NUMBER = s.INST
           AND e.STAT_NAME = 'DB time'
           and b.SNAP_ID = s.begin_snap
           AND b.DBID = e.DBID
           AND b.INSTANCE_NUMBER = e.instance_number
           AND b.STAT_NAME = e.stat_name) db_time
  from (select *
          from (select s.snap_id begin_snap,
                       lead(snap_id, 1, 0) over(partition by s.dbid, s.instance_number order by snap_id) end_snap,
                       s.dbid,
                       s.instance_number inst,
                       cast(s.end_interval_time as date) begin_time,
                       lead(cast(s.end_interval_time as date), 1, null) over(partition by s.dbid, s.instance_number order by snap_id) end_time,
                       extract(hour from s.end_interval_time) h
                  from dba_hist_snapshot s
                /*where (extract(hour from s.end_interval_time) = 8 or
                extract(hour from s.end_interval_time) = 0)*/
                 order by s.snap_id) t
         where t.end_snap != 0) s
 order by s.inst, s.begin_snap

">db_time</sqlstr>
		<sqlstr sql="select t.inst,
       listagg(t.time_range, ',') within group(order by begin_snap) time_range,
       listagg(t.Transactions, ',') within group(order by begin_snap) Transactions
  from (select s.h,
               s.begin_snap,
               s.inst,
               to_char(s.begin_time, 'mmdd_hh24') || '_' ||
               to_char(s.end_time, 'hh24') time_range,
               --to_char(s.begin_time, 'yyyy-mm-dd') db_date,
               case
                 when s.end_snap <> 0 then
                  (select round(round(((SELECT sum(value)
                                          FROM DBA_HIST_SYSSTAT e
                                         WHERE e.SNAP_ID = s.end_snap
                                           AND e.DBID = s.DBID
                                           AND e.INSTANCE_NUMBER = s.inst
                                           AND e.STAT_NAME in
                                               ('user rollbacks',
                                                'user commits')) -
                                      (SELECT sum(value)
                                          FROM DBA_HIST_SYSSTAT b
                                         WHERE b.SNAP_ID = s.begin_snap
                                           AND b.DBID = s.DBID
                                           AND b.INSTANCE_NUMBER = s.INST
                                           AND b.STAT_NAME in
                                               ('user rollbacks',
                                                'user commits'))) /
                                      (SELECT EXTRACT(DAY FROM
                                                      E.END_INTERVAL_TIME -
                                                      B.END_INTERVAL_TIME) *
                                              86400 +
                                              EXTRACT(HOUR FROM
                                                      E.END_INTERVAL_TIME -
                                                      B.END_INTERVAL_TIME) * 3600 +
                                              EXTRACT(MINUTE FROM
                                                      E.END_INTERVAL_TIME -
                                                      B.END_INTERVAL_TIME) * 60 +
                                              EXTRACT(SECOND FROM
                                                      E.END_INTERVAL_TIME -
                                                      B.END_INTERVAL_TIME)
                                         FROM DBA_HIST_SNAPSHOT B,
                                              DBA_HIST_SNAPSHOT E
                                        where e.snap_id = s.end_snap
                                          and b.snap_id = s.begin_snap
                                          AND b.DBID = s.DBID
                                          AND b.INSTANCE_NUMBER = s.INST
                                          AND e.DBID = s.DBID
                                          AND e.INSTANCE_NUMBER = s.inst),
                                      2),
                                1)
                     from dual)
                 else
                  0
               end Transactions
          from (select *
                  from (select s.snap_id begin_snap,
                               lead(snap_id, 1, 0) over(partition by s.dbid, s.instance_number, s.startup_time order by snap_id) end_snap,
                               s.dbid,
                               s.instance_number inst,
                               cast(s.end_interval_time as date) begin_time,
                               lead(cast(s.end_interval_time as date), 1, null) over(partition by s.dbid, s.instance_number, s.startup_time order by snap_id) end_time,
                               extract(hour from s.end_interval_time) h
                          from dba_hist_snapshot s
                        -- where --(extract(hour from s.end_interval_time) = 8 or
                        --extract(hour from s.end_interval_time) = 0)
                         order by s.snap_id) t) s
         order by s.inst, s.begin_snap) t
 group by t.inst

">Transactions</sqlstr>
	</dbmonsql>
</DbConfig>
